% Model,MLI Simulation.mph
% Version,COMSOL 6.3.0.290
% Date,"Aug 29 2026, 18:36"
% Table,Table 3 - Line Integration 1
% N_MLI,eps_eff (m),Q_tot (W*m),m_MLI (kg*m)
5,0.0030000000000000335,173.35763718502784,20.700000000000138
10,0.0014999999999999833,86.67881859251293,41.39999999999998
15,9.999999999999946E-4,57.785879061675466,62.09999999999991
20,7.500000000000111E-4,43.33940929625647,82.80000000000024
25,6.000000000000047E-4,34.67152743700588,103.49999999999983
30,5.000000000000016E-4,28.892939530838404,124.19999999999912
40,3.749999999999998E-4,21.669704648128416,165.59999999999982
50,3.000000000000028E-4,17.33576371850281,206.99999999999952
